id,diagnosis,radius_mean,texture_mean,perimeter_mean,area_mean,smoothness_mean,compactness_mean,concavity_mean,concave points_mean,symmetry_mean,fractal_dimension_mean,radius_se,texture_se,perimeter_se,area_se,smoothness_se,compactness_se,concavity_se,concave points_se,symmetry_se,fractal_dimension_se,radius_worst,texture_worst,perimeter_worst,area_worst,smoothness_worst,compactness_worst,concavity_worst,concave points_worst,symmetry_worst,fractal_dimension_worst,Unnamed: 32
842302,M,17.99,10.38,122.8,1001.0,0.08474,0.07864,0.0869,0.07017,0.1812,0.05667,0.5435,0.7339,3.398,74.08,0.005225,0.01308,0.0186,0.0134,0.01389,0.003532,23.57,17.33,152.5,1709.0,0.1238,0.1866,0.2416,0.186,0.275,0.08758,0.0
842517,M,17.99,17.77,122.8,1001.0,0.1096,0.1599,0.1974,0.1052,0.2069,0.05999,0.5435,0.7869,3.445,74.08,0.00615,0.04006,0.03832,0.01587,0.0225,0.004571,23.57,23.41,152.5,1709.0,0.1444,0.4245,0.4504,0.243,0.3613,0.08902,0.0
926682,M,16.6,28.08,108.3,858.1,0.08455,0.1023,0.09251,0.05302,0.159,0.05648,0.4564,1.428,3.425,48.55,0.005903,0.02423,0.0395,0.01557,0.01898,0.002783,18.98,34.12,126.7,1124.0,0.1139,0.1922,0.3215,0.1418,0.2572,0.07039,0.0
92751,B,7.76,24.54,47.92,181.0,0.05263,0.04362,0.0,0.0,0.1587,0.05648,0.3857,1.075,2.548,19.15,0.005903,0.00466,0.0,0.0,0.01318,0.002783,9.456,30.37,59.16,268.6,0.08996,0.06444,0.0,0.0,0.2218,0.07039,0.0
